,CORRELATION,[RF]FEATURE IMPORTANCE,LASSO,TSNE,UMAP,PCA,RANDOM SEARCH,LAPPAS & YANNACOPOULOS,[EFS-AHP]GPT,[EFS-AHP]DEC 1,[EFS-AHP]DEC 2,[EFS-AHP]DEC 3,[EFS-AHP]GRUPO
CORRELATION,,Dados incompatíveis,Dados incompatíveis,Dados incompatíveis,Dados incompatíveis,Dados incompatíveis,0.001953125,0.001953125,0.001953125,0.001953125,0.001953125,0.001953125,0.001953125
[RF]FEATURE IMPORTANCE,Dados incompatíveis,,Dados incompatíveis,Dados incompatíveis,Dados incompatíveis,Dados incompatíveis,0.001953125,0.001953125,0.001953125,0.001953125,0.001953125,0.001953125,0.001953125
LASSO,Dados incompatíveis,Dados incompatíveis,,Dados incompatíveis,Dados incompatíveis,Dados incompatíveis,0.001953125,0.001953125,0.001953125,0.001953125,0.001953125,0.001953125,0.001953125
TSNE,Dados incompatíveis,Dados incompatíveis,Dados incompatíveis,,Dados incompatíveis,Dados incompatíveis,0.001953125,0.001953125,0.001953125,0.001953125,0.001953125,0.001953125,0.001953125
UMAP,Dados incompatíveis,Dados incompatíveis,Dados incompatíveis,Dados incompatíveis,,Dados incompatíveis,0.001953125,0.001953125,0.001953125,0.001953125,0.001953125,0.001953125,0.001953125
PCA,Dados incompatíveis,Dados incompatíveis,Dados incompatíveis,Dados incompatíveis,Dados incompatíveis,,0.001953125,0.001953125,0.001953125,0.001953125,0.001953125,0.001953125,0.001953125
RANDOM SEARCH,0.001953125,0.001953125,0.001953125,0.001953125,0.001953125,0.001953125,,0.625,0.001953125,0.001953125,0.001953125,0.001953125,0.001953125
LAPPAS & YANNACOPOULOS,0.001953125,0.001953125,0.001953125,0.001953125,0.001953125,0.001953125,0.625,,0.001953125,0.001953125,0.001953125,0.001953125,0.001953125
[EFS-AHP]GPT,0.001953125,0.001953125,0.001953125,0.001953125,0.001953125,0.001953125,0.001953125,0.001953125,,0.001953125,0.001953125,0.001953125,0.001953125
[EFS-AHP]DEC 1,0.001953125,0.001953125,0.001953125,0.001953125,0.001953125,0.001953125,0.001953125,0.001953125,0.001953125,,0.232421875,0.625,0.845703125
[EFS-AHP]DEC 2,0.001953125,0.001953125,0.001953125,0.001953125,0.001953125,0.001953125,0.001953125,0.001953125,0.001953125,0.232421875,,0.193359375,0.064453125
[EFS-AHP]DEC 3,0.001953125,0.001953125,0.001953125,0.001953125,0.001953125,0.001953125,0.001953125,0.001953125,0.001953125,0.625,0.193359375,,0.76953125
[EFS-AHP]GRUPO,0.001953125,0.001953125,0.001953125,0.001953125,0.001953125,0.001953125,0.001953125,0.001953125,0.001953125,0.845703125,0.064453125,0.76953125,
