,CORRELATION,[RF]FEATURE IMPORTANCE,LASSO,TSNE,UMAP,PCA,RANDOM SEARCH,LAPPAS & YANNACOPOULOS,[EFS-AHP]GPT
CORRELATION,,0.083984375,0.001953125,0.001953125,0.001953125,0.001953125,0.375,0.00390625,0.001953125
[RF]FEATURE IMPORTANCE,0.083984375,,0.001953125,0.001953125,0.001953125,0.001953125,0.375,0.001953125,0.001953125
LASSO,0.001953125,0.001953125,,0.001953125,Dados incompatíveis,0.001953125,0.01953125,0.001953125,0.020550301646476254
TSNE,0.001953125,0.001953125,0.001953125,,0.001953125,0.001953125,0.001953125,0.001953125,0.001953125
UMAP,0.001953125,0.001953125,Dados incompatíveis,0.001953125,,0.001953125,0.01953125,0.001953125,0.020550301646476254
PCA,0.001953125,0.001953125,0.001953125,0.001953125,0.001953125,,0.083984375,0.001953125,0.01953125
RANDOM SEARCH,0.375,0.375,0.01953125,0.001953125,0.01953125,0.083984375,,0.375,0.0504100190624087
LAPPAS & YANNACOPOULOS,0.00390625,0.001953125,0.001953125,0.001953125,0.001953125,0.001953125,0.375,,0.001953125
[EFS-AHP]GPT,0.001953125,0.001953125,0.020550301646476254,0.001953125,0.020550301646476254,0.01953125,0.0504100190624087,0.001953125,
