algoritmo;grupo_testes;atributos;layers;r2_validação;R²;treinamento (min);mst;mse;rmse;mae;mape;smape;geracoes;taxa_mutação;taxa_crossover;tamanho_população;
[EFS-AHP]DEC 1;algoritmos_evolutivos;10;0 0 0 0 0 0 0 0 0 1 1 1 1 1 0 0 0 0 0 0 0 0 0 0 0 0 0 0 0 0 0 0 0 0 0 1 1 1 1 1 0 0 0 0 0 0 0 0 0 0 0 0 0 0 ;"0,869497178";"0,784104768";"62,81671667";"87,6292443";"11,43586364";"3,381695379";"2,559686745";"0,08094447";"0,077420355";10;"0,1";"0,8";100;
[EFS-AHP]DEC 1;algoritmos_evolutivos;9;0 0 0 0 0 0 0 0 0 1 1 1 0 0 0 0 0 0 0 0 0 0 0 0 0 0 0 0 0 0 0 0 0 0 0 1 1 1 1 1 0 0 0 0 0 0 0 0 0 0 0 1 0 0 ;"0,899231859";"0,913190854";89;"95,36945339";"9,610202528";"3,100032666";"2,198638768";"0,070993111";"0,067858168";10;"0,1";"0,8";100;
[EFS-AHP]DEC 1;algoritmos_evolutivos;11;0 0 0 0 0 0 0 0 0 0 0 0 0 0 0 0 0 0 0 0 0 0 0 0 0 0 0 0 0 0 0 0 0 0 0 1 1 1 1 1 0 0 0 0 0 0 0 0 1 1 1 1 1 1 ;"0,899389845";"0,79655277";66;"83,41284259";"8,392178992";"2,896925783";"2,173622545";"0,066300498";"0,06408206";10;"0,1";"0,8";100;
[EFS-AHP]DEC 1;algoritmos_evolutivos;10;0 0 0 0 0 0 0 0 0 1 1 1 1 1 0 0 0 0 0 0 0 0 0 0 0 0 0 0 0 0 0 0 0 0 0 1 1 1 1 1 0 0 0 0 0 0 0 0 0 0 0 0 0 0 ;"0,864347773";"0,746119682";"79,4443";"79,22383452";"10,7468896";"3,278244896";"2,43932875";"0,071329383";"0,06943214";10;"0,1";"0,8";100;
[EFS-AHP]DEC 1;algoritmos_evolutivos;13;0 0 0 0 0 0 0 0 0 0 0 0 1 1 0 0 0 0 0 0 0 0 0 0 0 0 0 0 0 0 0 0 0 0 0 1 1 1 1 1 0 0 0 0 0 0 0 0 1 1 1 1 1 1 ;"0,906749617";"0,831806018";75;"81,48885521";"7,598866963";"2,756604245";"2,190648804";"0,065236761";"0,064546717";10;"0,1";"0,8";100;
[EFS-AHP]DEC 1;algoritmos_evolutivos;10;0 0 0 0 0 0 0 0 0 1 1 1 1 1 0 0 0 0 0 0 0 0 0 0 0 0 0 0 0 0 0 0 0 0 0 1 1 1 1 1 0 0 0 0 0 0 0 0 0 0 0 0 0 0 ;"0,865380957";"0,87090741";"64,86365";"82,52207669";"11,10904297";"3,333023097";"2,48788815";"0,084077129";"0,079533188";10;"0,1";"0,8";100;
[EFS-AHP]DEC 1;algoritmos_evolutivos;8;0 0 0 0 0 0 0 0 0 0 0 0 0 0 0 0 0 0 0 0 0 0 0 0 0 0 0 0 0 0 0 0 0 0 0 1 1 1 1 1 0 0 0 0 0 0 0 0 0 0 0 1 1 1 ;"0,955495922";"0,745935592";"59,66956667";"88,80833932";"3,952333283";"1,988047606";"1,557626573";"0,049239406";"0,048492657";10;"0,1";"0,8";100;
[EFS-AHP]DEC 1;algoritmos_evolutivos;7;0 0 0 0 0 0 0 0 0 1 1 0 0 0 0 0 0 0 0 0 0 0 0 0 0 0 0 0 0 0 0 0 0 0 0 1 1 1 1 1 0 0 0 0 0 0 0 0 0 0 0 0 0 0 ;"0,910215984";"0,684787064";64;"106,5081783";"9,562732032";"3,092366736";"2,403921003";"0,078663769";"0,075009757";10;"0,1";"0,8";100;
[EFS-AHP]DEC 1;algoritmos_evolutivos;13;0 0 1 0 0 0 0 0 0 1 0 0 0 0 0 0 0 0 0 0 0 0 0 0 0 0 0 0 0 0 0 0 0 0 0 1 1 1 1 1 0 0 0 0 0 0 0 0 1 1 1 1 1 1 ;"0,896846374";"0,877476959";83;"114,9827834";"11,86089103";"3,443964435";"2,397050589";"0,066056299";"0,066402376";10;"0,1";"0,8";100;
[EFS-AHP]DEC 1;algoritmos_evolutivos;7;0 0 0 0 0 0 0 0 0 1 1 0 0 0 0 0 0 0 0 0 0 0 0 0 0 0 0 0 0 0 0 0 0 0 0 1 1 1 1 1 0 0 0 0 0 0 0 0 0 0 0 0 0 0 ;"0,88511924";"0,885074571";"73,19793333";"71,32601579";"8,19398687";"2,862514082";"2,082903697";"0,068058846";"0,064707017";10;"0,1";"0,8";100;
[EFS-AHP]DEC 2;algoritmos_evolutivos;11;0 0 0 0 0 0 0 0 0 0 0 0 0 0 0 0 0 0 0 0 0 0 0 0 0 0 0 0 0 0 0 0 0 0 0 1 1 1 1 1 0 0 0 0 0 0 0 0 1 1 1 1 1 1 ;"0,923768855";"0,871770501";"73,07506667";"86,72527244";"6,611166829";"2,571218938";"1,92543208";"0,056312174";"0,055682206";10;"0,1";"0,8";100;
[EFS-AHP]DEC 2;algoritmos_evolutivos;7;0 0 0 0 0 0 0 0 0 0 0 0 0 0 0 0 0 0 0 0 0 0 0 0 0 0 0 0 0 0 0 0 0 0 0 1 1 1 1 1 0 0 0 0 0 0 0 0 1 1 0 0 0 0 ;"0,89966445";"0,899287391";69;"91,59878045";"9,190614005";"3,031602547";"2,092199999";"0,058736622";"0,058898478";10;"0,1";"0,8";100;
[EFS-AHP]DEC 2;algoritmos_evolutivos;11;0 0 0 0 0 0 0 0 0 0 0 0 0 0 0 0 0 0 0 0 0 0 0 0 0 0 0 0 0 0 0 0 0 0 0 1 1 1 1 1 0 0 0 0 0 0 0 0 1 1 1 1 1 1 ;"0,89612546";"0,864252108";83;"99,50391581";"10,33592347";"3,214953105";"2,486193225";"0,075079771";"0,073242436";10;"0,1";"0,8";100;
[EFS-AHP]DEC 2;algoritmos_evolutivos;7;0 1 0 0 0 0 0 0 0 0 0 0 0 0 0 0 0 0 0 0 0 0 0 0 0 0 0 0 0 0 0 0 0 0 0 1 1 1 1 1 0 0 0 0 0 0 0 0 0 0 1 0 0 0 ;"0,896236188";"0,844819685";"83,56491667";"97,29798187";"10,09600951";"3,177421834";"2,255788279";"0,074775907";"0,070787776";10;"0,1";"0,8";100;
[EFS-AHP]DEC 2;algoritmos_evolutivos;10;0 0 0 0 0 0 1 0 0 1 1 1 1 0 0 0 0 0 0 0 0 0 0 0 0 0 0 0 0 0 0 0 0 0 0 1 1 1 1 1 0 0 0 0 0 0 0 0 0 0 0 0 0 0 ;"0,87749671";"0,804217936";"69,67348333";"99,04543852";"12,13339204";"3,483301888";"2,658557719";"0,090123638";"0,083832542";10;"0,1";"0,8";100;
[EFS-AHP]DEC 2;algoritmos_evolutivos;10;0 0 0 0 0 0 0 0 0 1 1 1 1 1 0 0 0 0 0 0 0 0 0 0 0 0 0 0 0 0 0 0 0 0 0 1 1 1 1 1 0 0 0 0 0 0 0 0 0 0 0 0 0 0 ;"0,877179208";"0,830936279";"74,16218333";"90,25692939";"11,08542752";"3,329478566";"2,590834573";"0,079921008";"0,076644936";10;"0,1";"0,8";100;
[EFS-AHP]DEC 2;algoritmos_evolutivos;11;0 0 0 0 0 0 0 0 0 0 0 0 0 0 0 0 0 0 0 0 0 0 0 0 0 0 0 0 0 0 0 0 0 0 0 1 1 1 1 1 0 0 0 0 0 0 0 0 1 1 1 1 1 1 ;"0,897356685";"0,90294589";"70,59003333";"80,75735457";"8,289202568";"2,879097527";"2,201549914";"0,0684659";"0,066103996";10;"0,1";"0,8";100;
[EFS-AHP]DEC 2;algoritmos_evolutivos;10;0 0 0 0 0 0 0 0 0 1 1 1 1 1 0 0 0 0 0 0 0 0 0 0 0 0 0 0 0 0 0 0 0 0 0 1 1 1 1 1 0 0 0 0 0 0 0 0 0 0 0 0 0 0 ;"0,848482324";"0,85146914";"83,90068333";"57,71216115";"8,744412546";"2,957095289";"2,278814691";"0,072364165";"0,069975157";10;"0,1";"0,8";100;
[EFS-AHP]DEC 2;algoritmos_evolutivos;11;0 0 0 0 0 0 0 0 0 1 1 1 1 1 0 0 0 0 0 0 0 0 0 0 0 0 0 0 0 0 0 0 0 0 0 1 1 1 1 1 0 0 1 0 0 0 0 0 0 0 0 0 0 0 ;"0,889821039";"0,815898627";"74,33306667";"90,12872701";"9,930289502";"3,151236186";"2,315877376";"0,075181768";"0,071019589";10;"0,1";"0,8";100;
[EFS-AHP]DEC 2;algoritmos_evolutivos;11;0 0 0 0 0 0 0 0 0 0 0 0 0 0 0 0 0 0 0 0 0 0 0 0 0 0 0 0 0 0 0 0 0 0 0 1 1 1 1 1 0 0 0 0 0 0 0 0 1 1 1 1 1 1 ;"0,873800004";"0,870701711";"87,95826667";"84,37474975";"10,64809311";"3,263141601";"2,34776631";"0,074225511";"0,070803374";10;"0,1";"0,8";100;
[EFS-AHP]DEC 3;algoritmos_evolutivos;7;0 0 0 0 0 0 0 1 1 0 0 0 0 0 0 0 0 0 0 0 0 0 0 0 0 0 0 0 0 0 0 0 0 0 0 1 1 1 1 1 0 0 0 0 0 0 0 0 0 0 0 0 0 0 ;"0,79537198";"0,774117279";"69,17703333";"94,75842233";"19,39022832";"4,403433697";"3,384630258";"0,111264876";"0,104820086";10;"0,1";"0,8";100;
[EFS-AHP]DEC 3;algoritmos_evolutivos;18;1 1 1 1 1 1 1 0 0 0 0 0 0 0 0 0 0 0 0 0 0 0 0 0 0 0 0 0 0 0 0 0 0 0 0 1 1 1 1 1 0 0 0 0 0 0 0 0 1 1 1 1 1 1 ;"0,841646845";"0,851860448";78;"69,12113722";"10,94555015";"3,308405983";"2,502917419";"0,084385683";"0,079918025";10;"0,1";"0,8";100;
[EFS-AHP]DEC 3;algoritmos_evolutivos;13;0 0 0 1 1 0 0 0 0 0 0 0 0 0 0 0 0 0 0 0 0 0 0 0 0 0 0 0 0 0 0 0 0 0 0 1 1 1 1 1 0 0 0 0 0 0 0 0 1 1 1 1 1 1 ;"0,891517575";"0,732244322";"67,84225";"117,9047411";"12,79059221";"3,576393743";"2,59920066";"0,08813333";"0,08262087";10;"0,1";"0,8";100;
[EFS-AHP]DEC 3;algoritmos_evolutivos;7;0 0 0 0 0 0 0 1 1 0 0 0 0 0 0 0 0 0 0 0 0 0 0 0 0 0 0 0 0 0 0 0 0 0 0 1 1 1 1 1 0 0 0 0 0 0 0 0 0 0 0 0 0 0 ;"0,817073036";"0,721613394";72;"65,83768837";"12,04348844";"3,470372954";"2,646113231";"0,087156089";"0,082034077";10;"0,1";"0,8";100;
[EFS-AHP]DEC 3;algoritmos_evolutivos;7;0 0 0 0 0 0 0 1 1 0 0 0 0 0 0 0 0 0 0 0 0 0 0 0 0 0 0 0 0 0 0 0 0 0 0 1 1 1 1 1 0 0 0 0 0 0 0 0 0 0 0 0 0 0 ;"0,821724448";"0,656832084";"79,35636667";"80,85128883";"14,41380813";"3,796552138";"2,908722594";"0,093965569";"0,088904495";10;"0,1";"0,8";100;
[EFS-AHP]DEC 3;algoritmos_evolutivos;11;0 0 0 0 0 0 0 0 0 0 0 0 0 0 0 0 0 0 0 0 0 0 0 0 0 0 0 0 0 0 0 0 0 0 0 1 1 1 1 1 0 0 0 0 0 0 0 0 1 1 1 1 1 1 ;"0,838624872";"0,743913782";"69,0071";"79,88292402";"12,89111708";"3,590420182";"2,571385217";"0,081051933";"0,077978184";10;"0,1";"0,8";100;
[EFS-AHP]DEC 3;algoritmos_evolutivos;11;0 0 0 0 0 0 0 0 0 0 0 0 0 0 0 0 0 0 0 0 0 0 0 0 0 0 0 0 0 0 0 0 0 0 0 1 1 1 1 1 0 0 0 0 0 0 0 0 1 1 1 1 1 1 ;"0,908568449";"0,888376519";"59,85465";"74,81258187";"6,840230366";"2,615383407";"1,973659557";"0,061396359";"0,05974458";10;"0,1";"0,8";100;
[EFS-AHP]DEC 3;algoritmos_evolutivos;11;1 0 0 0 0 0 0 0 0 0 0 0 0 0 0 0 0 0 0 0 0 0 0 0 0 0 0 0 0 0 0 0 0 0 0 1 1 1 1 0 0 0 0 0 0 0 0 0 1 1 1 1 1 1 ;"0,867121067";"0,793432469";"70,56643333";"96,79450192";"12,86195013";"3,586356108";"2,82314558";"0,08971815";"0,085555667";10;"0,1";"0,8";100;
[EFS-AHP]DEC 3;algoritmos_evolutivos;10;0 0 0 0 0 0 0 0 0 1 1 1 1 1 0 0 0 0 0 0 0 0 0 0 0 0 0 0 0 0 0 0 0 0 0 1 1 1 1 1 0 0 0 0 0 0 0 0 0 0 0 0 0 0 ;"0,843728762";"0,846500351";"76,92916667";"91,62383727";"14,31817046";"3,783935842";"2,646430906";"0,087624951";"0,081493223";10;"0,1";"0,8";100;
[EFS-AHP]DEC 3;algoritmos_evolutivos;10;0 0 0 0 0 0 0 1 0 0 0 0 0 0 0 0 0 0 0 0 0 0 0 0 0 0 0 0 0 0 0 0 0 0 0 0 0 1 1 1 0 0 0 0 0 0 0 0 1 1 1 1 1 1 ;"0,871698646";"0,838937279";"90,72901667";"83,08223135";"10,65956274";"3,26489858";"2,469907469";"0,082588399";"0,077760894";10;"0,1";"0,8";100;
[EFS-AHP]GPT;algoritmos_evolutivos;11;1 1 0 1 0 0 0 0 0 0 0 0 0 0 0 0 0 0 0 0 0 0 0 0 0 0 0 0 0 0 0 0 0 0 0 1 1 0 1 1 0 0 0 0 0 0 0 0 0 1 1 1 0 1 ;"0,894506065";"0,737278577";"40,52821667";"96,46844553";"10,17683595";"3,19011535";"2,351998118";"0,076139812";"0,072943021";10;"0,1";"0,8";100;
[EFS-AHP]GPT;algoritmos_evolutivos;8;0 0 0 0 0 0 0 0 0 0 0 0 0 0 0 0 0 0 0 0 0 0 0 0 0 0 0 0 0 0 0 0 0 0 0 1 0 0 1 0 0 1 0 0 1 1 0 0 1 0 0 1 0 1 ;"0,874064604";"0,834145437";"35,57456667";"97,95631466";"12,33616729";"3,512288042";"2,667813536";"0,093296592";"0,087385447";10;"0,1";"0,8";100;
[EFS-AHP]GPT;algoritmos_evolutivos;7;0 0 0 0 0 0 0 0 0 0 0 0 0 0 0 0 0 0 0 0 0 0 0 0 0 0 0 0 0 0 0 0 0 0 0 1 0 1 1 1 0 0 0 0 0 0 0 0 1 0 0 1 0 1 ;"0,884026947";"0,77292696";"31,46743333";"80,76100099";"9,366099861";"3,060408447";"2,017059818";"0,065098401";"0,062072711";10;"0,1";"0,8";100;
[EFS-AHP]GPT;algoritmos_evolutivos;11;0 0 0 0 0 0 0 1 0 0 0 0 0 0 0 0 0 0 0 0 0 0 0 0 0 0 0 0 0 0 0 0 0 0 0 1 1 1 1 1 0 1 1 1 1 0 1 0 0 0 0 0 0 0 ;"0,883688839";"0,848358125";"35,10785";"81,6426803";"9,495954946";"3,081550737";"2,368020401";"0,075125334";"0,072152498";10;"0,1";"0,8";100;
[EFS-AHP]GPT;algoritmos_evolutivos;8;0 0 0 0 0 0 0 0 0 0 0 0 0 0 0 0 0 0 0 0 0 0 0 0 0 0 0 0 0 0 0 0 0 0 0 1 0 1 1 1 0 0 0 0 0 0 0 0 1 0 1 1 0 1 ;"0,92384471";"0,837831357";"35,24541667";"81,48549619";"6,205551559";"2,49109445";"1,787467991";"0,057234642";"0,055123636";10;"0,1";"0,8";100;
[EFS-AHP]GPT;algoritmos_evolutivos;8;0 0 0 0 0 0 0 0 0 0 0 0 0 0 0 0 0 0 0 0 0 0 0 0 0 0 0 0 0 0 0 0 0 0 0 0 1 1 1 1 0 0 0 0 0 0 0 0 0 1 1 1 1 0 ;"0,86926282";"0,872954857";"39,74186667";"94,03413753";"12,29375793";"3,50624556";"2,655763334";"0,090355977";"0,084588125";10;"0,1";"0,8";100;
[EFS-AHP]GPT;algoritmos_evolutivos;7;0 0 0 0 0 0 0 0 0 0 0 0 0 0 0 0 0 0 0 0 0 0 0 0 0 0 0 0 0 0 0 0 0 0 0 1 0 1 1 0 0 0 0 0 0 0 1 0 1 0 0 1 1 0 ;"0,873817351";"0,887513649";"34,3807";"77,97134359";"9,838630701";"3,136659162";"2,291669117";"0,072333249";"0,069208741";10;"0,1";"0,8";100;
[EFS-AHP]GPT;algoritmos_evolutivos;8;0 0 0 0 0 0 0 1 0 0 0 0 0 0 0 0 0 0 0 0 0 0 0 0 0 0 0 0 0 0 0 0 0 0 0 1 1 0 1 1 1 0 1 0 1 0 0 0 0 0 0 0 0 0 ;"0,865907325";"0,763430686";"32,75163333";"99,35074476";"13,32220713";"3,64995988";"2,529499608";"0,075181044";"0,072717353";10;"0,1";"0,8";100;
[EFS-AHP]GPT;algoritmos_evolutivos;8;0 0 0 0 0 0 0 0 0 0 0 0 0 0 0 0 0 0 0 0 0 0 0 0 0 0 0 0 0 0 0 0 0 0 0 1 0 1 1 1 0 0 0 1 0 0 0 0 0 1 1 1 0 0 ;"0,911793826";"0,813520386";"34,81413333";"81,91358511";"7,225283923";"2,687988825";"1,928620592";"0,058441171";"0,057119234";10;"0,1";"0,8";100;
[EFS-AHP]GPT;algoritmos_evolutivos;7;0 0 0 0 0 0 0 0 0 0 0 0 0 0 0 0 0 0 0 0 0 0 0 0 0 0 0 0 0 0 0 0 0 0 0 0 0 1 1 1 0 1 0 0 0 0 0 0 1 0 0 1 0 1 ;"0,891022764";"0,853596563";"45,72845";"69,02368346";"7,522010231";"2,742628344";"2,098339914";"0,065058688";"0,064362312";10;"0,1";"0,8";100;
[EFS-AHP]GRUPO;algoritmos_evolutivos;9;1 1 1 1 0 0 0 0 0 0 0 0 0 0 0 0 0 0 0 0 0 0 0 0 0 0 0 0 0 0 0 0 0 0 0 1 1 1 1 1 0 0 0 0 0 0 0 0 0 0 0 0 0 0 ;"0,800372827";"0,716876275";"63,97655";"62,03502311";"12,38387632";"3,519073219";"2,824326523";"0,089244879";"0,086089032";10;"0,1";"0,8";100;
[EFS-AHP]GRUPO;algoritmos_evolutivos;11;0 0 0 0 0 0 0 0 0 0 0 0 0 0 0 0 0 0 0 0 0 0 0 0 0 0 0 0 0 0 0 0 0 0 0 1 1 1 1 1 0 0 0 0 0 0 0 0 1 1 1 1 1 1 ;"0,873214905";"0,844293402";"66,0535";"85,03465114";"10,78112636";"3,283462557";"2,273988176";"0,077238772";"0,072609459";10;"0,1";"0,8";100;
[EFS-AHP]GRUPO;algoritmos_evolutivos;7;0 0 0 1 0 0 0 0 0 0 0 0 0 0 0 0 0 0 0 0 0 0 0 0 0 0 0 0 0 0 0 0 0 0 0 1 1 1 1 1 0 0 0 0 0 0 0 0 0 0 0 1 0 0 ;"0,879792279";"0,785698276";"75,12946667";"96,98654968";"11,65853211";"3,414459271";"2,476511459";"0,075930558";"0,072847472";10;"0,1";"0,8";100;
[EFS-AHP]GRUPO;algoritmos_evolutivos;11;0 0 0 0 0 0 0 0 0 1 1 1 1 1 0 0 0 0 0 0 0 0 0 0 0 0 0 0 0 0 0 0 0 0 0 1 1 1 1 1 0 0 0 0 0 0 1 0 0 0 0 0 0 0 ;"0,905265042";"0,858289767";"74,61451667";"70,96102427";"6,722489687";"2,592776444";"1,955250664";"0,057955541";"0,056999297";10;"0,1";"0,8";100;
[EFS-AHP]GRUPO;algoritmos_evolutivos;7;0 0 0 0 0 0 0 1 1 0 0 0 0 0 0 0 0 0 0 0 0 0 0 0 0 0 0 0 0 0 0 0 0 0 0 1 1 1 1 1 0 0 0 0 0 0 0 0 0 0 0 0 0 0 ;"0,83643718";"0,828718542";"74,78161667";"87,64477082";"14,33542586";"3,786215242";"2,992623961";"0,088375393";"0,085971332";10;"0,1";"0,8";100;
[EFS-AHP]GRUPO;algoritmos_evolutivos;8;0 0 0 0 0 0 0 0 0 0 0 0 0 0 0 0 0 0 0 0 0 0 0 0 0 0 0 0 0 0 0 0 0 0 0 1 1 1 0 0 0 0 0 0 0 0 0 0 0 1 1 1 1 1 ;"0,865002163";"0,798469408";"78,92566667";"100,184355";"13,52467125";"3,677590414";"2,76405041";"0,088397134";"0,08281158";10;"0,1";"0,8";100;
[EFS-AHP]GRUPO;algoritmos_evolutivos;8;0 0 0 0 0 0 0 0 0 0 0 0 0 0 0 0 0 0 0 0 0 0 0 0 0 0 0 0 0 0 0 0 0 0 0 1 1 1 1 1 0 0 0 0 0 0 0 0 0 0 0 1 1 1 ;"0,908383062";"0,884280966";"69,49265";"77,39962291";"7,091116427";"2,662915024";"1,921515274";"0,05951424";"0,057421359";10;"0,1";"0,8";100;
[EFS-AHP]GRUPO;algoritmos_evolutivos;11;0 0 0 0 0 0 0 0 0 1 1 1 1 1 0 0 0 0 0 0 0 0 0 0 0 0 0 0 0 0 0 0 0 0 0 1 1 1 1 1 0 0 0 0 0 0 1 0 0 0 0 0 0 0 ;"0,905265042";"0,858289767";"74,61451667";"70,96102427";"6,722489687";"2,592776444";"1,955250664";"0,057955541";"0,056999297";10;"0,1";"0,8";100;
[EFS-AHP]GRUPO;algoritmos_evolutivos;12;0 0 0 0 0 0 0 1 1 1 1 1 1 1 0 0 0 0 0 0 0 0 0 0 0 0 0 0 0 0 0 0 0 0 0 1 1 1 1 1 0 0 0 0 0 0 0 0 0 0 0 0 0 0 ;"0,872925287";"0,860680627";"72,44925";"76,58939756";"9,732575746";"3,119707638";"2,437665181";"0,078052589";"0,075034081";10;"0,1";"0,8";100;
[EFS-AHP]GRUPO;algoritmos_evolutivos;11;0 0 0 0 0 0 0 0 0 0 0 0 0 0 0 0 0 0 0 0 0 0 0 0 0 0 0 0 0 0 0 0 0 0 0 1 1 1 1 1 0 0 0 0 0 0 0 0 1 1 1 1 1 1 ;"0,875795943";"0,793854536";"72,0211";"101,0742267";"12,55382899";"3,543138297";"2,388411207";"0,081912506";"0,076167721";10;"0,1";"0,8";100;
RANDOM SEARCH;algoritmos_evolutivos;30;1 1 1 1 1 1 1 1 0 1 1 0 1 0 0 0 0 0 0 0 0 0 0 0 1 1 1 0 0 0 1 0 0 0 0 1 1 1 0 1 1 1 1 0 1 0 1 1 1 1 1 1 0 1 ;"0,710744214";"0,617383339";"136,2577167";"75,78752919";"21,92198133";"4,682091556";"3,551974766";"0,110897398";"0,105742763";10;"0,1";"0,8";100;
RANDOM SEARCH;algoritmos_evolutivos;29;1 0 1 0 1 1 1 1 0 1 1 1 0 1 1 0 0 0 0 0 0 1 1 0 0 0 1 0 0 0 0 1 0 1 0 1 0 1 1 1 1 1 0 1 0 0 1 1 1 0 0 1 1 1 ;"0,790263679";"0,716740174";"134,4882667";"62,80128365";"13,17171016";"3,629285075";"2,966636782";"0,089219109";"0,087119941";10;"0,1";"0,8";100;
RANDOM SEARCH;algoritmos_evolutivos;28;1 0 0 1 1 0 1 1 0 0 0 0 0 0 1 0 1 1 0 1 1 0 0 0 0 1 0 0 0 0 0 1 0 0 0 1 0 1 1 1 1 1 1 0 1 1 1 1 1 1 1 1 1 0 ;"0,711378823";"0,626954943";"138,9988833";"65,23243062";"18,82746089";"4,339062213";"3,392289448";"0,106222589";"0,101483045";10;"0,1";"0,8";100;
RANDOM SEARCH;algoritmos_evolutivos;24;1 0 1 0 0 1 0 1 0 1 0 1 0 0 1 1 1 0 0 1 0 0 1 0 1 0 0 0 0 0 0 1 0 0 0 1 1 1 1 1 0 1 0 0 1 0 0 0 1 1 1 1 0 0 ;"0,736327322";"0,503032567";"131,6962167";"89,46392522";"23,58919273";"4,856870673";"3,935892097";"0,127658169";"0,118922781";10;"0,1";"0,8";100;
RANDOM SEARCH;algoritmos_evolutivos;27;1 0 0 0 0 1 1 1 0 1 1 1 1 1 0 0 0 1 1 1 0 0 1 0 1 1 0 1 0 0 0 1 0 0 1 1 0 1 1 1 1 0 0 0 0 0 1 0 1 0 1 1 0 0 ;"0,722115525";"0,571365839";"133,61645";"65,85587704";"18,30032581";"4,277888008";"3,460010785";"0,108546971";"0,104084855";10;"0,1";"0,8";100;
RANDOM SEARCH;algoritmos_evolutivos;28;0 1 1 0 1 1 0 1 1 0 1 0 1 0 0 0 1 1 0 0 1 0 1 1 1 0 0 1 0 0 0 1 1 0 0 1 0 1 1 1 1 0 0 0 0 0 0 1 1 0 1 1 1 1 ;"0,721540806";"0,573648925";"134,4389833";"88,37843798";"24,60978861";"4,960825396";"3,880835583";"0,12109206";"0,114359662";10;"0,1";"0,8";100;
RANDOM SEARCH;algoritmos_evolutivos;29;1 0 0 1 0 0 0 1 0 1 0 0 1 0 0 1 0 0 0 1 1 1 0 0 1 1 1 0 1 1 1 0 0 0 1 1 0 1 1 1 0 0 1 1 0 1 1 1 1 1 1 0 1 0 ;"0,711579055";"0,581051232";"133,4737";"86,88364191";"25,0590621";"5,005902726";"3,957574445";"0,117590388";"0,113581344";10;"0,1";"0,8";100;
RANDOM SEARCH;algoritmos_evolutivos;23;0 0 1 0 0 0 0 1 0 1 1 1 0 1 0 0 0 0 0 0 0 1 0 0 1 0 1 0 0 1 0 0 0 0 1 1 0 1 1 1 0 1 1 0 0 1 1 0 1 1 1 1 0 0 ;"0,724049879";"0,686311842";"131,2620667";"87,21355089";"24,0665899";"4,905771081";"3,878920624";"0,124866847";"0,117628574";10;"0,1";"0,8";100;
RANDOM SEARCH;algoritmos_evolutivos;25;0 0 0 1 0 0 1 0 1 0 1 1 0 0 1 1 0 1 0 0 0 0 1 0 1 0 0 0 0 0 1 0 0 0 1 1 1 0 1 1 1 1 0 1 0 1 0 0 1 1 1 0 1 1 ;"0,695192669";"0,606152787";"130,5336";"100,5927167";"30,66139752";"5,537273473";"4,147677531";"0,114751343";"0,112663482";10;"0,1";"0,8";100;
RANDOM SEARCH;algoritmos_evolutivos;23;0 1 1 1 1 0 0 1 1 1 0 1 0 0 0 0 0 0 0 0 0 0 0 0 1 0 0 0 0 0 1 1 0 1 0 1 1 1 1 0 0 1 0 1 0 1 0 1 0 0 1 1 1 0 ;"0,698347486";"0,596948442";"132,2761833";"82,446618";"24,8702296";"4,987006075";"3,98946974";"0,128245156";"0,119942969";10;"0,1";"0,8";100;
LAPPAS & YANNACOPOULOS;algoritmos_evolutivos;38;1 1 1 1 1 1 1 1 1 1 0 1 1 1 1 1 0 0 1 0 0 1 1 1 1 1 1 1 0 1 1 1 1 0 0 1 1 1 1 1 0 0 0 0 0 1 1 0 0 1 1 1 1 0 ;"0,661030588";"0,475306835";"137,3635667";"84,68502884";"28,70563446";"5,357763942";"4,169610603";"0,133119259";"0,123377083";10;"0,1";"0,8";100;
LAPPAS & YANNACOPOULOS;algoritmos_evolutivos;34;1 1 1 1 1 1 1 1 1 1 1 0 0 0 1 1 0 0 0 1 1 1 0 0 1 1 1 0 0 1 1 1 0 0 0 1 0 1 0 1 0 1 1 1 0 1 0 1 0 0 1 1 1 1 ;"0,65061123";"0,570766563";"136,3175167";"84,07535046";"29,37498327";"5,419869304";"4,188474804";"0,131274462";"0,122860321";10;"0,1";"0,8";100;
LAPPAS & YANNACOPOULOS;algoritmos_evolutivos;34;1 1 1 1 1 1 1 1 1 1 1 0 0 0 1 1 1 0 1 0 0 1 1 0 1 1 0 0 1 1 1 1 0 0 1 1 1 0 1 1 0 0 1 0 1 0 0 0 0 1 1 1 1 0 ;"0,64034183";"0,607602362";"138,562";"80,39149337";"28,9134574";"5,377123525";"4,257417299";"0,130739011";"0,124985305";10;"0,1";"0,8";100;
LAPPAS & YANNACOPOULOS;algoritmos_evolutivos;38;1 1 1 0 1 1 1 1 1 1 1 0 0 0 1 1 1 0 0 0 1 1 1 1 1 1 0 1 1 1 1 1 0 0 1 1 0 0 1 1 1 0 1 0 0 1 1 1 1 1 1 1 1 0 ;"0,641530969";"0,472824889";"132,9877667";"84,63459785";"30,3388823";"5,508074282";"4,294352248";"0,13165368";"0,124286799";10;"0,1";"0,8";100;
LAPPAS & YANNACOPOULOS;algoritmos_evolutivos;34;1 1 1 1 1 1 1 1 1 1 1 0 1 1 1 1 1 0 0 0 0 1 0 1 1 1 0 1 0 1 1 1 0 0 0 1 0 0 0 1 1 0 1 1 0 0 0 0 1 1 0 1 1 1 ;"0,628963652";"0,494993951";"130,88695";"79,91254921";"29,65046041";"5,445223632";"4,406390691";"0,146886716";"0,135075232";10;"0,1";"0,8";100;
LAPPAS & YANNACOPOULOS;algoritmos_evolutivos;42;1 1 1 1 1 1 1 1 1 1 1 1 1 1 1 1 0 0 0 1 1 1 1 0 0 1 1 0 1 1 1 1 1 0 1 1 0 0 1 1 1 1 0 1 1 0 1 1 0 1 1 1 1 1 ;"0,662409441";"0,568462977";"131,6137167";"62,03858068";"20,94363916";"4,576422091";"3,601623591";"0,107983928";"0,104639559";10;"0,1";"0,8";100;
LAPPAS & YANNACOPOULOS;algoritmos_evolutivos;39;1 1 1 1 1 1 1 1 1 1 1 0 1 1 1 1 0 0 0 0 1 1 1 0 1 1 0 1 0 1 1 1 0 0 1 1 0 1 1 1 0 1 0 1 0 0 1 1 1 1 1 1 1 1 ;"0,672511804";"0,499085081";"131,2795667";"85,09448164";"27,86743824";"5,278961853";"4,088943238";"0,119562286";"0,116350966";10;"0,1";"0,8";100;
LAPPAS & YANNACOPOULOS;algoritmos_evolutivos;34;1 1 1 1 1 1 1 1 1 0 1 0 1 0 1 1 0 0 1 0 0 1 0 0 1 1 0 0 0 1 1 1 1 1 0 1 1 1 1 1 0 1 0 0 0 0 0 1 1 1 1 1 0 1 ;"0,65985553";"0,683035431";"132,1224667";"102,8418596";"34,98108982";"5,914481366";"4,560605455";"0,152240355";"0,138524559";10;"0,1";"0,8";100;
LAPPAS & YANNACOPOULOS;algoritmos_evolutivos;39;1 1 1 1 1 1 1 1 1 1 1 0 0 1 1 1 1 0 0 0 0 1 0 0 1 1 1 0 1 1 1 1 0 1 0 1 1 1 1 1 0 1 1 0 1 1 1 0 1 0 1 1 1 1 ;"0,689435915";"0,593413056";"130,2158333";"96,07161853";"29,83639429";"5,462270067";"4,3136685";"0,1236509";"0,119522637";10;"0,1";"0,8";100;
LAPPAS & YANNACOPOULOS;algoritmos_evolutivos;36;1 1 1 1 1 1 1 1 1 1 1 1 0 1 1 1 0 0 0 0 0 1 0 0 1 1 1 1 0 1 1 1 0 0 1 1 1 1 1 1 0 0 0 1 0 0 1 1 1 1 0 0 1 1 ;"0,653416102";"0,564205144";"131,5665667";"60,54606198";"20,98429019";"4,580861294";"3,8079083";"0,119281615";"0,113508329";10;"0,1";"0,8";100;
PCA;algoritmos_redutores_dimensionalidade;11;[];"0,651250977";"0,620074581";0;"0,036372301";"0,012684805";"0,112626837";"0,087473884";"0,529662499";"0,298469346";0;0;0;0;
PCA;algoritmos_redutores_dimensionalidade;11;[];"0,380034331";"0,600898211";0;"0,030582654";"0,018960196";"0,137696026";"0,100293103";Infinity;"0,327356228";0;0;0;0;
PCA;algoritmos_redutores_dimensionalidade;11;[];"0,629840632";"0,669823173";0;"0,031225668";"0,011558474";"0,107510341";"0,081974374";Infinity;"0,314052131";0;0;0;0;
PCA;algoritmos_redutores_dimensionalidade;11;[];"0,598081425";"0,677862837";0;"0,029799502";"0,011976973";"0,109439358";"0,08073457";Infinity;"0,275666959";0;0;0;0;
PCA;algoritmos_redutores_dimensionalidade;11;[];"0,487344474";"0,657852901";0;"0,02919887";"0,014968962";"0,12234771";"0,088113157";"0,558403646";"0,286662308";0;0;0;0;
PCA;algoritmos_redutores_dimensionalidade;11;[];"0,404386863";"0,456528007";0;"0,028557769";"0,017009382";"0,130420022";"0,09503398";"0,875524064";"0,350310832";0;0;0;0;
PCA;algoritmos_redutores_dimensionalidade;11;[];"0,464289958";"0,577172636";0;"0,031468459";"0,01685797";"0,129838244";"0,09059631";"0,605726563";"0,274489261";0;0;0;0;
PCA;algoritmos_redutores_dimensionalidade;11;[];"0,459814544";"0,534407531";0;"0,03906021";"0,021099758";"0,145257556";"0,106715579";"0,87708423";"0,37797004";0;0;0;0;
PCA;algoritmos_redutores_dimensionalidade;11;[];"0,622946146";"0,686931821";0;"0,048450167";"0,018268322";"0,135160357";"0,10083619";"0,837170768";"0,338898797";0;0;0;0;
PCA;algoritmos_redutores_dimensionalidade;11;[];"0,51460869";"0,68842307";0;"0,030378677";"0,014745546";"0,121431239";"0,088604697";Infinity;"0,306138101";0;0;0;0;
UMAP;algoritmos_redutores_dimensionalidade;20;[];"0,655605168";"0,688781282";0;"88,2093358";"30,37883935";"5,511700224";"4,144341484";"0,126648108";"0,12087579";0;0;0;0;
UMAP;algoritmos_redutores_dimensionalidade;20;[];"0,736855814";"0,636052862";0;"75,99962257";"19,99885884";"4,472008368";"3,466784905";"0,109182316";"0,104576551";0;0;0;0;
UMAP;algoritmos_redutores_dimensionalidade;20;[];"0,642873367";"0,697443707";0;"78,66676661";"28,09399747";"5,300377106";"3,903747475";"0,121659066";"0,117956377";0;0;0;0;
UMAP;algoritmos_redutores_dimensionalidade;20;[];"0,687358785";"0,623504722";0;"88,59120229";"27,69726112";"5,262818743";"3,881018741";"0,117357435";"0,113322058";0;0;0;0;
UMAP;algoritmos_redutores_dimensionalidade;20;[];"0,605724909";"0,606421394";0;"86,74236159";"34,20035254";"5,848106748";"4,404187501";"0,133748953";"0,126774644";0;0;0;0;
UMAP;algoritmos_redutores_dimensionalidade;20;[];"0,653406717";"0,5150583";0;"84,74161982";"29,37087619";"5,4194904";"4,160186892";"0,132504279";"0,126190087";0;0;0;0;
UMAP;algoritmos_redutores_dimensionalidade;20;[];"0,679462209";"0,636320177";0;"79,4195652";"25,45697203";"5,045490266";"3,780081108";"0,112014234";"0,108923714";0;0;0;0;
UMAP;algoritmos_redutores_dimensionalidade;20;[];"0,547330037";"0,575931094";0;"67,96752467";"30,76685688";"5,546787979";"4,096024614";"0,142896029";"0,128422944";0;0;0;0;
UMAP;algoritmos_redutores_dimensionalidade;20;[];"0,570086765";"0,461760681";0;"111,9650757";"48,13526787";"6,93795848";"5,032363813";"0,156874399";"0,146095751";0;0;0;0;
UMAP;algoritmos_redutores_dimensionalidade;20;[];"0,580773357";"0,57638771";0;"75,78377407";"31,7705772";"5,63653947";"4,575223149";"0,142075542";"0,134143461";0;0;0;0;
LASSO;algoritmos_selecionadores;54;"[1,1,1,1,1,1,1,1,1,1,1,1,1,0,1,1,1,1,1,1,1,1,1,1,1,1,1,1,1,1,1,1,1,1,1,1,1,1,1,1,1,1,1,1,1,1,1,1,1,1,1,1,1,1,1]";"0,527680136";"0,540827911";0;"91,85756264";"43,38615152";"6,586816494";"5,174952296";"0,175017285";"0,15683719";0;0;0;0;
LASSO;algoritmos_selecionadores;54;"[1,1,1,1,1,1,1,1,1,1,1,1,1,0,1,1,1,1,1,1,1,1,1,1,1,1,1,1,1,1,1,1,1,1,1,1,1,1,1,1,1,1,1,1,1,1,1,1,1,1,1,1,1,1,1]";"0,517528001";"0,544179143";0;"92,70322607";"44,72671077";"6,687803135";"4,829103307";"0,144913485";"0,137755784";0;0;0;0;
LASSO;algoritmos_selecionadores;54;"[1,1,1,1,1,1,1,1,1,1,1,1,1,0,1,1,1,1,1,1,1,1,1,1,1,1,1,1,1,1,1,1,1,1,1,1,1,1,1,1,1,1,1,1,1,1,1,1,1,1,1,1,1,1,1]";"0,57367541";"0,469920963";0;"91,00862062";"38,79921286";"6,228901417";"5,001078794";"0,16065959";"0,149289011";0;0;0;0;
LASSO;algoritmos_selecionadores;54;"[1,1,1,1,1,1,1,1,1,1,1,1,1,0,1,1,1,1,1,1,1,1,1,1,1,1,1,1,1,1,1,1,1,1,1,1,1,1,1,1,1,1,1,1,1,1,1,1,1,1,1,1,1,1,1]";"0,46084286";"0,59222998";0;"87,85497137";"47,36763512";"6,882414919";"5,158732072";"0,149402463";"0,142803085";0;0;0;0;
LASSO;algoritmos_selecionadores;54;"[1,1,1,1,1,1,1,1,1,1,1,1,1,0,1,1,1,1,1,1,1,1,1,1,1,1,1,1,1,1,1,1,1,1,1,1,1,1,1,1,1,1,1,1,1,1,1,1,1,1,1,1,1,1,1]";"0,526794094";"0,463195815";0;"86,03426144";"40,71192062";"6,380589363";"5,201519157";"0,16946883";"0,154584309";0;0;0;0;
LASSO;algoritmos_selecionadores;54;"[1,1,1,1,1,1,1,1,1,1,1,1,1,0,1,1,1,1,1,1,1,1,1,1,1,1,1,1,1,1,1,1,1,1,1,1,1,1,1,1,1,1,1,1,1,1,1,1,1,1,1,1,1,1,1]";"0,540198264";"0,604334652";0;"92,48216929";"42,52346198";"6,521001609";"5,111752319";"0,168771741";"0,15396847";0;0;0;0;
LASSO;algoritmos_selecionadores;54;"[1,1,1,1,1,1,1,1,1,1,1,1,1,0,1,1,1,1,1,1,1,1,1,1,1,1,1,1,1,1,1,1,1,1,1,1,1,1,1,1,1,1,1,1,1,1,1,1,1,1,1,1,1,1,1]";"0,410826934";"0,557882575";0;"65,91108773";"38,83303762";"6,231615972";"4,838979048";"0,170834132";"0,151242406";0;0;0;0;
LASSO;algoritmos_selecionadores;54;"[1,1,1,1,1,1,1,1,1,1,1,1,1,0,1,1,1,1,1,1,1,1,1,1,1,1,1,1,1,1,1,1,1,1,1,1,1,1,1,1,1,1,1,1,1,1,1,1,1,1,1,1,1,1,1]";"0,526352217";"0,559338323";0;"69,62213721";"32,97637091";"5,74250563";"4,580698389";"0,145450238";"0,135211222";0;0;0;0;
LASSO;algoritmos_selecionadores;54;"[1,1,1,1,1,1,1,1,1,1,1,1,1,0,1,1,1,1,1,1,1,1,1,1,1,1,1,1,1,1,1,1,1,1,1,1,1,1,1,1,1,1,1,1,1,1,1,1,1,1,1,1,1,1,1]";"0,567297093";"0,537315256";0;"104,805722";"45,34974057";"6,734221601";"5,420603967";"0,170073221";"0,158768886";0;0;0;0;
LASSO;algoritmos_selecionadores;54;"[1,1,1,1,1,1,1,1,1,1,1,1,1,0,1,1,1,1,1,1,1,1,1,1,1,1,1,1,1,1,1,1,1,1,1,1,1,1,1,1,1,1,1,1,1,1,1,1,1,1,1,1,1,1,1]";"0,47897882";"0,499542164";0;"100,939415";"52,59157313";"7,252004766";"5,358309178";"0,165054473";"0,155332821";0;0;0;0;
[RF]FEATURE IMPORTANCE;algoritmos_selecionadores;39;"[1,0,0,0,0,0,0,0,0,0,1,0,0,1,0,0,1,1,1,0,1,1,1,1,0,1,1,1,1,1,1,1,1,1,1,1,1,1,1,1,1,1,1,1,1,1,1,1,1,1,1,1,1,1]";"0,52575301";"0,53130616";0;"85,69452229";"40,64036926";"6,374979942";"4,922121478";"0,15472537";"0,144886044";0;0;0;0;
[RF]FEATURE IMPORTANCE;algoritmos_selecionadores;42;"[1,0,0,0,0,0,1,0,0,0,1,1,0,1,0,1,1,1,1,0,1,1,1,1,0,1,1,1,1,1,1,1,1,1,1,1,1,1,1,1,1,1,1,1,1,1,1,1,1,1,1,1,1,1]";"0,460594388";"0,510496403";0;"77,52506741";"41,81745646";"6,466641823";"5,050328452";"0,162991967";"0,150509615";0;0;0;0;
[RF]FEATURE IMPORTANCE;algoritmos_selecionadores;41;"[1,0,0,0,0,0,1,0,0,0,1,0,0,1,0,1,1,1,1,0,1,0,1,1,1,1,1,1,1,1,1,1,1,1,1,1,1,1,1,1,1,1,1,1,1,1,1,1,1,1,1,1,1,1]";"0,542521743";"0,484689139";0;"98,11909292";"44,88735158";"6,699802353";"5,250253891";"0,1567624";"0,149932117";0;0;0;0;
[RF]FEATURE IMPORTANCE;algoritmos_selecionadores;40;"[1,0,0,0,0,0,0,0,0,0,1,0,0,1,0,1,0,1,1,1,0,1,1,1,1,1,1,1,1,1,1,1,1,1,1,1,1,1,1,1,1,1,1,1,1,1,1,1,1,1,1,1,1,1]";"0,471516706";"0,447014759";0;"63,52468006";"33,57173217";"5,794111854";"4,700939642";"0,153186887";"0,141093447";0;0;0;0;
[RF]FEATURE IMPORTANCE;algoritmos_selecionadores;42;"[1,0,0,0,0,0,0,0,0,0,1,0,0,1,1,0,1,1,1,1,1,1,1,1,1,1,1,1,1,1,1,1,1,1,1,1,1,1,1,1,1,1,1,1,1,1,1,1,1,1,1,1,1,1]";"0,434529314";"0,458046607";0;"102,9062386";"58,19046131";"7,628267255";"5,564793271";"0,158291117";"0,15242657";0;0;0;0;
[RF]FEATURE IMPORTANCE;algoritmos_selecionadores;43;"[1,0,0,0,0,0,0,0,0,0,1,1,0,1,0,1,1,1,1,1,1,1,1,1,1,1,1,1,1,1,1,1,1,1,1,1,1,1,1,1,1,1,1,1,1,1,1,1,1,1,1,1,1,1]";"0,518629354";"0,504333004";0;"88,55822726";"42,6293311";"6,529114113";"4,994790273";"0,156307966";"0,145901967";0;0;0;0;
[RF]FEATURE IMPORTANCE;algoritmos_selecionadores;40;"[1,0,0,0,0,0,0,0,0,0,1,0,0,1,0,0,1,1,1,1,1,1,1,1,0,1,1,1,1,1,1,1,1,1,1,1,1,1,1,1,1,1,1,1,1,1,1,1,1,1,1,1,1,1]";"0,496873301";"0,525742091";0;"71,78087033";"36,11487231";"6,009565068";"4,902510747";"0,15087042";"0,142628967";0;0;0;0;
[RF]FEATURE IMPORTANCE;algoritmos_selecionadores;42;"[1,0,0,0,0,0,0,0,0,0,1,1,0,1,0,1,1,1,1,1,1,1,1,1,0,1,1,1,1,1,1,1,1,1,1,1,1,1,1,1,1,1,1,1,1,1,1,1,1,1,1,1,1,1]";"0,458978767";"0,536929399";0;"95,03923875";"51,41824617";"7,170651726";"5,413916081";"0,150717792";"0,148249515";0;0;0;0;
[RF]FEATURE IMPORTANCE;algoritmos_selecionadores;40;"[1,0,0,0,0,0,0,0,0,0,1,0,0,1,0,0,1,1,1,0,1,1,1,1,1,1,1,1,1,1,1,1,1,1,1,1,1,1,1,1,1,1,1,1,1,1,1,1,1,1,1,1,1,1]";"0,452575406";"0,511646705";0;"73,47264583";"40,22073334";"6,341981814";"5,192577012";"0,170625332";"0,156057097";0;0;0;0;
[RF]FEATURE IMPORTANCE;algoritmos_selecionadores;41;"[1,0,0,0,0,0,0,0,0,0,1,0,0,1,1,0,1,1,1,0,1,1,1,1,1,1,1,1,1,1,1,1,1,1,1,1,1,1,1,1,1,1,1,1,1,1,1,1,1,1,1,1,1,1]";"0,411240605";"0,516036991";0;"93,77144377";"55,20881852";"7,430263691";"5,661544592";"0,17972491";"0,165065551";0;0;0;0;
CORRELATION;algoritmos_selecionadores;8;"[1,0,0,1,0,0,0,1,0,1,0,1,1,0,1,1,0,0,0,0,0,0,0,0,0,0,0,0,0,0,0,0,0,0,0,0,0,0,0,0,0,0,0,0,0,0,0,0,0,0,0,0,0,0]";"0,449877837";"0,461068472";0;"76,4607276";"42,06274086";"6,485579455";"4,978474786";"0,148107481";"0,141480784";0;0;0;0;
CORRELATION;algoritmos_selecionadores;8;"[1,0,0,1,0,0,0,1,0,1,0,1,1,0,1,1,0,0,0,0,0,0,0,0,0,0,0,0,0,0,0,0,0,0,0,0,0,0,0,0,0,0,0,0,0,0,0,0,0,0,0,0,0,0]";"0,377601425";"0,550841347";0;"55,58878217";"34,59837879";"5,882038659";"4,588425033";"0,145840662";"0,137104591";0;0;0;0;
CORRELATION;algoritmos_selecionadores;8;"[1,0,0,1,0,0,0,1,0,1,0,1,1,0,1,1,0,0,0,0,0,0,0,0,0,0,0,0,0,0,0,0,0,0,0,0,0,0,0,0,0,0,0,0,0,0,0,0,0,0,0,0,0,0]";"0,514488084";"0,417362952";0;"81,2795834";"39,46220627";"6,281895118";"4,75004605";"0,145105447";"0,137329192";0;0;0;0;
CORRELATION;algoritmos_selecionadores;8;"[1,0,0,1,0,0,0,1,0,1,0,1,1,0,1,1,0,0,0,0,0,0,0,0,0,0,0,0,0,0,0,0,0,0,0,0,0,0,0,0,0,0,0,0,0,0,0,0,0,0,0,0,0,0]";"0,438273099";"0,484717107";0;"88,4197822";"49,66777025";"7,047536467";"5,238452426";"0,160672512";"0,152448678";0;0;0;0;
CORRELATION;algoritmos_selecionadores;8;"[1,0,0,1,0,0,0,1,0,1,0,1,1,0,1,1,0,0,0,0,0,0,0,0,0,0,0,0,0,0,0,0,0,0,0,0,0,0,0,0,0,0,0,0,0,0,0,0,0,0,0,0,0,0]";"0,526903365";"0,505423457";0;"86,32305946";"40,83914899";"6,390551541";"4,989411041";"0,138512819";"0,134710234";0;0;0;0;
CORRELATION;algoritmos_selecionadores;8;"[1,0,0,1,0,0,0,1,0,1,0,1,1,0,1,1,0,0,0,0,0,0,0,0,0,0,0,0,0,0,0,0,0,0,0,0,0,0,0,0,0,0,0,0,0,0,0,0,0,0,0,0,0,0]";"0,477465387";"0,376059042";0;"82,25242033";"42,97973663";"6,555893275";"5,243574831";"0,166284051";"0,15487768";0;0;0;0;
CORRELATION;algoritmos_selecionadores;8;"[1,0,0,1,0,0,0,1,0,1,0,1,1,0,1,1,0,0,0,0,0,0,0,0,0,0,0,0,0,0,0,0,0,0,0,0,0,0,0,0,0,0,0,0,0,0,0,0,0,0,0,0,0,0]";"0,48416095";"0,498742793";0;"75,46453915";"38,92755621";"6,239195157";"4,608622801";"0,133786214";"0,129009107";0;0;0;0;
CORRELATION;algoritmos_selecionadores;8;"[1,0,0,1,0,0,0,1,0,1,0,1,1,0,1,1,0,0,0,0,0,0,0,0,0,0,0,0,0,0,0,0,0,0,0,0,0,0,0,0,0,0,0,0,0,0,0,0,0,0,0,0,0,0]";"0,506681258";"0,483335647";0;"73,61353083";"36,31493439";"6,026187384";"4,846742264";"0,149297807";"0,142801226";0;0;0;0;
CORRELATION;algoritmos_selecionadores;8;"[1,0,0,1,0,0,0,1,0,1,0,1,1,0,1,1,0,0,0,0,0,0,0,0,0,0,0,0,0,0,0,0,0,0,0,0,0,0,0,0,0,0,0,0,0,0,0,0,0,0,0,0,0,0]";"0,423450663";"0,47294255";0;"64,37351099";"37,11450509";"6,09216752";"4,616399333";"0,146798497";"0,13554467";0;0;0;0;
CORRELATION;algoritmos_selecionadores;8;"[1,0,0,1,0,0,0,1,0,1,0,1,1,0,1,1,0,0,0,0,0,0,0,0,0,0,0,0,0,0,0,0,0,0,0,0,0,0,0,0,0,0,0,0,0,0,0,0,0,0,0,0,0,0]";"0,405058389";"0,466395771";0;"63,3387757";"37,68287327";"6,138637737";"4,684234528";"0,129679297";"0,129705814";0;0;0;0;
TSNE;algoritmos_redutores_dimensionalidade;2;[];"0,729814614";"0,756675104";0;"0,034582024";"0,023176367";"0,152237863";"0,109224805";"0,513558754";"0,351920972";0;0;0;0;2
TSNE;algoritmos_redutores_dimensionalidade;2;[];"0,782575583";"0,757370712";0;"0,029895226";"0,018458043";"0,135860379";"0,100253844";"0,530255955";"0,370352263";0;0;0;0;2
TSNE;algoritmos_redutores_dimensionalidade;2;[];"0,782575583";"0,757370712";0;"0,029895226";"0,018458043";"0,135860379";"0,100253844";"0,530255955";"0,370352263";0;0;0;0;2
TSNE;algoritmos_redutores_dimensionalidade;2;[];"0,425571087";"0,528500473";0;"0,035645481";"0,020475795";"0,143093659";"0,098567597";"0,747913675";"0,337969614";0;0;0;0;2
TSNE;algoritmos_redutores_dimensionalidade;2;[];"0,010924541";"0,369334136";0;"0,034248398";"0,03387425";"0,184049585";"0,125089352";"0,526274554";"0,368323397";0;0;0;0;2
TSNE;algoritmos_redutores_dimensionalidade;2;[];"0,39262636";"0,158160017";0;"0,030242938";"0,018368763";"0,135531411";"0,09835288";Infinity;"0,355995663";0;0;0;0;2
TSNE;algoritmos_redutores_dimensionalidade;2;[];"0,457591402";"0,442871835";0;"0,029232683";"0,015856059";"0,125920843";"0,089799487";Infinity;"0,381567633";0;0;0;0;2
TSNE;algoritmos_redutores_dimensionalidade;2;[];"0,232777088";"0,458027064";0;"0,033318245";"0,025562521";"0,159882836";"0,113528721";"0,858361502";"0,36919385";0;0;0;0;2
TSNE;algoritmos_redutores_dimensionalidade;2;[];"0,325291391";"0,4524064";0;"0,031916073";"0,021534049";"0,146744844";"0,093794293";"0,941824961";"0,294546807";0;0;0;0;2
TSNE;algoritmos_redutores_dimensionalidade;2;[];"0,425571087";"0,528500473";0;"0,035645481";"0,020475795";"0,143093659";"0,098567597";"0,747913675";"0,337969614";0;0;0;0;2
